THUMB_pos_X;THUMB_pos_Y;THUMB_pos_Z;MIDDLE_pos_X;MIDDLE_pos_Y;MIDDLE_pos_Z;Distance;MIDDLE_vel;MIDDLE_acc
716,88;121,85;16,3;780,75;184,02;11,16;89,28;;
716,89;121,84;16,3;780,76;184,03;11,14;89,3;0,88;12,93
716,87;121,86;16,3;780,77;184,03;11,16;89,3;0,88;12,93
716,88;121,85;16,28;780,78;184,04;11,15;89,31;0,91;12,93
716,9;121,87;16,27;780,78;184,04;11,17;89,29;0,58;12,93
716,94;121,88;16,26;780,77;184,04;11,16;89,24;1,35;26,59
716,92;121,88;16,28;780,76;184,04;11,15;89,25;0,79;15,91
716,9;121,89;16,29;780,76;184,04;11,14;89,26;0,39;21,14
716,9;121,9;16,28;780,76;184,03;11,15;89,25;1,25;53,71
716,93;121,89;16,27;780,79;184,05;11,14;89,26;1,79;62
716,94;121,87;16,25;780,8;184,03;11,14;89,26;1;21,55
716,93;121,88;16,29;780,77;184,04;11,15;89,25;2,28;61,18
716,91;121,88;16,25;780,76;184,05;11,14;89,26;2,4;60,99
716,91;121,89;16,29;780,72;184,03;11,15;89,22;1,41;17,98
716,89;121,88;16,26;780,74;184,03;11,15;89,25;1,83;73,07
716,9;121,87;16,24;780,76;184,04;11,14;89,27;0,76;39,36
716,88;121,88;16,28;780,73;184,03;11,14;89,25;2,34;53,51
716,87;121,87;16,26;780,74;184,03;11,18;89,27;0,95;45,13
716,9;121,89;16,25;780,75;184,03;11,14;89,25;2,14;46,95
716,89;121,89;16,26;780,75;184,03;11,14;89,25;1,27;32,16
716,89;121,89;16,28;780,75;184,04;11,17;89,25;3,06;117,82
716,92;121,88;16,27;780,78;184,02;11,19;89,25;2,52;23,8
716,91;121,88;16,29;780,79;184,03;11,19;89,27;1,56;77,45
716,89;121,89;16,3;780,81;184,01;11,19;89,28;0,77;69,25
716,94;121,87;16,29;780,8;184,01;11,19;89,25;2,15;77,59
716,93;121,88;16,3;780,84;184,01;11,17;89,28;2,4;48,15
716,94;121,89;16,31;780,85;184,02;11,21;89,28;1,97;69,13
716,95;121,88;16,27;780,83;184,02;11,21;89,26;0,79;45,94
716,93;121,9;16,3;780,84;184,02;11,2;89,28;1,14;109,53
716,94;121,92;16,3;780,84;184,04;11,21;89,27;0,94;54,85
716,91;121,89;16,3;780,84;184,02;11,21;89,29;1,53;133,53
716,92;121,9;16,32;780,82;184,02;11,21;89,26;0,36;85,43
716,93;121,9;16,31;780,84;184,02;11,21;89,27;2,36;18,54
716,91;121,9;16,31;780,8;184,02;11,17;89,25;1,08;62,04
716,92;121,91;16,29;780,83;184;11,21;89,25;2,78;38,09
716,91;121,92;16,28;780,84;183,99;11,19;89,25;3;82,44
716,91;121,91;16,3;780,78;184,01;11,17;89,24;0,41;65,16
716,9;121,92;16,31;780,84;184;11,18;89,27;3,84;156,4
716,92;121,92;16,32;780,85;183,98;11,2;89,24;1,32;83,8
716,91;121,93;16,31;780,84;183,98;11,21;89,24;1,56;57,63
716,93;121,91;16,31;780,87;183,99;11,21;89,27;1,75;20,25
716,95;121,93;16,31;780,87;184;11,2;89,25;3,05;168,64
716,93;121,96;16,32;780,92;183,99;11,18;89,27;1,06;51,6
716,93;121,94;16,32;780,89;183,99;11,19;89,25;2,51;53,97
716,93;121,93;16,3;780,88;184;11,19;89,27;1,59;90,96
716,95;121,94;16,31;780,86;184,01;11,2;89,24;1,09;31,78
716,96;121,94;16,3;780,88;183,99;11,18;89,23;1,64;44,25
716,95;121,93;16,29;780,89;184;11,19;89,26;0,75;89,91
716,95;121,92;16,29;780,88;183,99;11,19;89,26;1,65;62,99
716,94;121,94;16,31;780,87;184,01;11,21;89,26;0,48;49,66
716,92;121,93;16,31;780,88;184;11,2;89,27;0,37;50,92
716,9;121,95;16,32;780,87;184,01;11,21;89,27;1,17;82
716,93;121,93;16,3;780,87;184,02;11,21;89,27;0,55;66,53
716,92;121,94;16,33;780,86;184;11,2;89,26;1,05;43,06
716,92;121,94;16,32;780,89;184,01;11,21;89,28;0,86;41,02
716,91;121,95;16,32;780,85;184,01;11,19;89,26;2,27;52,27
716,9;121,95;16,32;780,85;184;11,19;89,25;1,21;29,55
716,92;121,94;16,31;780,88;184,01;11,19;89,27;0,86;23,18
716,94;121,93;16,31;780,86;184,01;11,19;89,25;1,46;43,91
716,92;121,95;16,31;780,9;183,99;11,21;89,27;1,52;36,61
716,93;121,93;16,3;780,89;184;11,2;89,27;0,62;32,62
716,93;121,97;16,33;780,9;184;11,2;89,25;0,36;19,82
716,95;121,95;16,32;780,9;184;11,2;89,25;0,51;33,42
716,92;121,96;16,32;780,9;183,99;11,2;89,26;1,17;54,11
716,95;121,96;16,31;780,88;184,02;11,2;89,25;0,98;8,61
716,94;121,97;16,32;780,91;184,01;11,2;89,26;1,49;31,5
716,92;121,97;16,31;780,91;184,02;11,2;89,28;1,58;24,19
716,93;121,97;16,31;780,89;184,02;11,19;89,26;1,01;48,94
716,93;121,95;16,28;780,89;184,02;11,2;89,27;0,45;75,9
716,93;121,95;16,29;780,88;184,03;11,19;89,28;1,08;140,5
716,91;121,94;16,3;780,9;184,01;11,19;89,29;0,83;73,99
716,9;121,96;16,32;780,87;184,02;11,19;89,27;2,2;20,1
716,9;121,96;16,3;780,86;184,03;11,2;89,27;0,55;28,27
716,9;121,97;16,31;780,88;184,02;11,19;89,28;2,75;47,93
716,9;121,96;16,33;780,83;184,03;11,15;89,26;1,32;35,24
716,92;121,95;16,3;780,87;184,04;11,18;89,28;2,3;123,83
716,93;121,96;16,3;780,86;184,02;11,18;89,25;0,29;62,49
716,92;121,96;16,31;780,88;184,04;11,18;89,28;1,04;39,91
716,94;121,96;16,32;780,88;184,02;11,18;89,25;0,8;26,17
716,97;121,93;16,29;780,88;184,04;11,19;89,27;1,6;134,08
716,95;121,94;16,32;780,91;184,02;11,19;89,28;0,78;48,88
716,96;121,94;16,28;780,89;184,04;11,2;89,28;0,92;42,68
716,96;121,95;16,31;780,91;184,02;11,18;89,27;1,13;65,47
716,99;121,94;16,29;780,88;184,04;11,19;89,24;0,84;63,82
716,95;121,96;16,32;780,89;184,02;11,17;89,26;1,31;26,75
716,95;121,97;16,32;780,9;184,03;11,18;89,26;1,24;26,59
716,94;121,97;16,29;780,9;184,03;11,19;89,27;1,15;89,12
716,95;121,96;16,31;780,88;184,03;11,19;89,25;1,25;79,44
716,96;121,96;16,3;780,9;184,01;11,18;89,25;1,47;84,75
716,96;121,97;16,32;780,9;184,02;11,16;89,25;1,69;83,3
716,95;121,97;16,31;780,87;184,03;11,18;89,24;1,96;84,54
716,96;121,96;16,33;780,87;184,01;11,19;89,23;2,23;37,64
716,98;121,98;16,3;780,9;184;11,19;89,21;2,37;52,81
716,96;121,96;16,32;780,88;183,97;11,17;89,2;1,79;79,32
716,99;121,96;16,29;780,91;183,98;11,16;89,21;2,68;76,11
717,01;121,97;16,29;780,87;183,96;11,12;89,15;2,21;89,58
716,98;121,99;16,29;780,91;183,94;11,14;89,17;3,79;72,85
717,05;121,97;16,27;780,94;183,93;11,12;89,15;2,33;41,22
717,04;122;16,26;780,94;183,91;11,12;89,12;1,71;44,67
717,06;122,01;16,24;780,94;183,9;11,11;89,09;1,81;83,92
717,07;122,02;16,27;780,91;183,9;11,1;89,06;1,95;308,57
717,06;122,01;16,26;780,92;183,86;11,11;89,06;4,89;351,1
717,08;122,03;16,23;780,92;183,81;11,09;88,98;6,51;311,73
717,11;121,99;16,25;780,91;183,73;11,1;88,93;12,42;272,66
717,09;121,99;16,24;780,86;183,56;11,1;88,79;18,23;138,97
717,17;121,98;16,22;780,8;183,39;11,11;88,57;17,46;83,08
717,21;121,96;16,21;780,81;183,22;11,11;88,45;13,79;159,84
717,23;121,99;16,19;780,79;183,11;11,11;88,33;9,7;244,99
717,24;122,01;16,17;780,79;183,03;11,12;88,25;7,71;297,46
717,3;122,01;16,18;780,71;182,98;11,13;88,11;6,69;234,42
717,36;122;16,13;780,7;182,93;11,12;88,03;4,81;245,38
717,33;122,02;16,11;780,68;182,9;11,1;88;5,16;85,59
717,41;121,96;16,11;780,63;182,85;11,11;87,92;6,95;196,26
717,46;121,87;16,1;780,56;182,83;11,11;87,88;9,37;360,09
717,56;121,75;16,07;780,44;182,84;11,12;87,81;9,87;386,28
717,61;121,62;16,08;780,37;182,87;11,08;87,83;8,98;525,43
717,63;121,53;16,09;780,29;182,92;11,06;87,87;13,83;1071,01
717,44;121,52;16,25;780,2;183,05;10,96;88,05;22,25;803,87
717,04;121,7;16,48;780,12;183,32;10,96;88,36;25,98;1268,02
717,02;121,61;16,01;780,24;183,57;10,97;88,67;34,22;784,5
717,24;121,85;16,14;780,44;183,92;10,94;88,74;44,53;744,51
717,77;122,55;17,21;780,72;184,3;10,79;88,41;41,99;2667,36
718,55;124;19,61;780,83;184,39;10,35;87,24;39,18;5774,54
719,9;126,41;23,12;781,18;184,51;10,19;85,42;43,44;6350,05
721,98;130,01;27,53;781,13;183,99;9,64;82,05;84,58;6018,7
724,81;134,56;32,39;781,1;183,14;9,2;77,89;141,87;6697,89
728,28;139,76;37,25;780,92;181,36;8,6;72,95;181,84;12218,42
732,03;145,35;42,19;780,04;179,67;9;67,7;227,55;15328,73
735,98;151,24;47,2;778,09;180,07;11,93;62,04;407,92;18566,69
739,41;157,33;52,47;777,91;182,99;16,14;58,83;578,93;20125,86
742,6;163,48;57,53;779,36;187,56;20,66;57,37;740,34;16440,54
745,63;169,78;62,05;781,19;193,36;26,2;55,73;818,21;12039,97
748,82;176,3;66,01;782,96;199,64;31,11;54,12;850,32;7033,69
751,98;183,21;69,57;785,58;206,18;36,47;52,46;910,71;3103,06
755,28;190,59;72,72;788,34;213,21;42;50,47;875,02;3690,79
758,49;198,34;75,87;790,2;219,81;46,43;48,3;883,04;4946,89
761,72;206,38;78,49;792,73;227,6;51,25;46,41;955,83;6781,1
765,04;214,64;80,6;795,33;235,74;55,66;44,55;962,87;8930,21
768,06;223,04;82,42;797,81;244,37;59,24;43,32;978,75;9627,84
770,99;231,61;83,53;800,35;253,57;62;42,52;1006,36;10087,5
773,8;240,18;83,76;802,85;263,27;63,98;42,05;1069,44;10386,98
776,09;248,82;83,71;805,67;274,06;65,02;43,15;1128,21;8807,6
778,05;257,28;82,81;808,51;285,05;65,57;44,67;1147,83;6451,38
779,68;265,4;81,28;811,35;296,31;65,39;47,01;1166,93;4493,44
781,11;273,2;78,82;814,69;307,54;64,61;50,09;1157,62;4497,36
781,9;280,58;75,89;817,86;318,44;63,44;53,68;1101,12;7131,03
782,54;287,69;72,74;820,86;328,56;62,43;56,97;1012,73;6685,03
783,16;294,71;69,64;823,22;337,85;61,25;59,46;930,27;8407,7
785,35;301,19;65,4;825,23;346,51;60,18;60,59;854,27;8404,45
785,86;307,9;62,6;826,81;354,39;58,95;62,06;784,89;7441,55
786,29;314,13;59,77;828,06;361,68;57,32;63,34;746,19;6651,02
786,32;319,89;56,87;829,38;368,79;56;65,17;680,7;5993,35
786,06;325,19;53,84;830,48;374,62;53,84;66,46;629,23;6019,68
785,68;329,9;50,79;831,37;380,38;51,51;68,09;605,55;5817,54
784,46;334,34;48;832,14;385,62;49,05;70,03;564,95;6536,88
783,48;337,86;44,94;832,56;390,39;46,41;71,91;525,3;7502,54
782,14;340,88;41,97;832,72;394,62;43,66;73,82;475,33;7242,08
780,61;343,62;39,35;832,25;398,21;41,01;75,17;433,63;8010,52
779,01;345,97;37,26;830,94;401,27;38,39;75,87;416,23;7865
777,15;348,1;35,46;828,79;403,84;35,94;75,99;403,71;6947,66
775,22;349,82;33,86;826,36;405,93;33,65;75,92;386,07;5984,69
773,23;351,12;32,27;823,85;407,52;31,3;75,79;384,77;4781,07
771,16;352,04;30,77;821,07;408,72;28,8;75,55;398,65;4073,7
769,02;352,64;29,36;818,1;409,33;26,07;75,06;391,1;3635,08
766,94;352,9;27,97;815,25;409,74;23,68;74,72;372,76;3287,01
765,04;352,99;26,49;812,22;409,87;21,53;74,07;362,2;3246,93
763,06;352,94;25,13;809,33;409,68;19,51;73,43;346,91;3114,33
761,17;352,63;24,03;806,42;409,32;17,76;72,8;338,22;3153,73
759,3;352,26;22,9;803,5;408,78;16,19;72,07;334,29;2333,03
757,75;351,81;21,92;800,58;408,11;14,74;71,1;313,9;2538,08
756,11;351,41;21,06;798,02;407,29;13,52;70,25;280,36;2512,7
754,66;350,86;20,24;795,8;406,39;12,36;69,56;261,86;2463,45
753,32;350,44;19,65;793,65;405,36;11,37;68,64;257,59;2474,58
752,22;349,98;19,01;791,61;404,31;10,2;67,68;236,76;3177,94
751,29;349,61;18,52;789,89;403,23;9,43;66,69;208,43;3608,66
750,49;349,23;18,03;788,42;402,16;8,59;65,8;188,19;3955,93
749,7;348,81;17,39;787,11;401,3;7,78;65,18;125,71;3822,16
749,15;348,4;16,92;786,26;401,17;7,79;65,15;67,16;3234,73
748,71;348,02;16,08;785,79;401,11;7,85;65,28;41,76;2240,48
748,55;347,77;15,27;785,44;401;7,8;65,19;43,73;1437,03
748,71;347,72;14,54;784,95;400,86;7,77;64,68;55,26;414,44
749,16;347,94;13,58;784,42;400,56;7,8;63,61;55,63;1964,31
749,63;348,22;12,94;784,04;400,22;7,79;62,56;51,69;795,87
749,94;348,68;12,79;783,7;399,82;7,82;61,48;60,09;1049,76
750,48;349,29;12,78;783,25;399,31;7,78;60,01;68,88;1092,75
751,19;350,02;12,61;782,68;398,9;7,8;58,34;77,51;952,94
752,09;350,94;12,55;782,37;398,04;7,69;56,2;73,99;686,04
753,08;351,99;12,53;782,04;397,56;7,82;54,2;75,32;1123,1
754,22;353,08;12,48;781,9;396,62;7,55;51,83;87,77;1600,09
755,33;354,15;12,48;781,49;395,92;7,56;49,53;60,69;1741,97
755,9;354,67;12,46;781,51;395,47;7,59;48,41;27,66;1831,31
756,51;355,27;12,47;781,82;395,47;7,61;47,75;20,2;1316,28
756,78;355,59;12,5;781,91;395,48;7,59;47,41;18,73;1596,8
756,92;355,78;12,47;782,14;395,33;7,48;47,17;16,39;576,4
757,08;356,02;12,43;782,21;395,41;7,48;46,99;9,09;482,79
757,25;356,22;12,42;782,25;395,44;7,38;46,78;8,23;580,57
757,43;356,41;12,38;782,34;395,5;7,41;46,62;12,49;642,04
757,6;356,57;12,36;782,49;395,5;7,39;46,48;18,93;1024,21
757,83;356,63;12,42;782,71;395,44;7,38;46,37;28,25;1743,53
758,12;356,67;12,53;783,03;395,36;7,49;46,29;42,89;2805,21
758,44;356,72;12,88;783,42;395,24;7,81;46,18;76,41;3919,21
758,93;356,69;13,6;784,13;395,17;8,52;46,28;125,44;5382,92
759,68;356,83;14,77;784,93;395,22;9,82;46,21;181,15;7004,56
760,8;356,98;16,62;786,24;395,32;11,47;46,3;255,82;8413,88
762,52;357,41;18,8;788,27;395,59;13,68;46,33;349,3;9909,97
764,97;358,05;21,6;791,11;396,04;16,42;46,41;449,47;11064,5
768,19;358,96;24,86;794,85;396,7;19,7;46,5;563,77;11860,15
772,39;360,18;28,45;799,68;397,62;23,57;46,59;680,93;11970,77
777,67;361,71;32,41;805,49;398,8;27,94;46,57;798,05;11663,23
783,99;363,56;36,68;812,58;400,16;32,63;46,62;912,55;11746,19
791,4;365,71;41,08;820,77;401,71;37,49;46,6;1007,02;11142,16
799,89;368,02;45,42;829,96;403,35;42,3;46,5;1096,84;10409,85
809,41;370,47;49,81;840,26;404,97;47;46,38;1184,74;9680,56
819,62;372,98;54,07;851,47;406,55;51,69;46,34;1267,1;8883,07
830,72;375,46;58,24;863,7;407,94;56,18;46,34;1324,83;8043,35
842,5;377,78;62,12;876,45;409,12;60,15;46,25;1360,97;7253,42
854,82;379,97;65,73;889,77;410,01;63,71;46,13;1395,95;6375,14
867,24;381,95;69,18;903,5;410,56;66,94;46,23;1422,13;6161,76
879,25;383,95;72,76;917,55;410,73;69,76;46,83;1424,83;5628,06
892,81;385,17;75,16;931,53;410,61;72,07;46,43;1432,52;5777,63
905,89;386,17;77,15;945,84;410,35;74,32;46,78;1417;6308,03
918,91;386,86;78,47;959,61;409,5;75,7;46,65;1368,15;7236,47
931,83;387,21;79,17;973,04;408,32;76,5;46,38;1327,84;8616,81
944,2;387,23;78,97;986,02;406,94;76,87;46,28;1277,29;9671,93
956,07;386,81;78,12;998,4;405,29;76,52;46,22;1210,55;11131,45
967,21;386,14;76,53;1009,95;403,51;75,66;46,15;1122,49;11097,35
977,35;385,14;74,59;1020,42;401,63;74,1;46,11;1022,48;11821
986,39;384,06;72,26;1029,71;399,74;71,93;46,07;923,53;11749,51
994,29;382,85;69,93;1037,92;397,89;69,51;46,15;829,32;10968,11
1001,18;381,59;67,35;1045,05;396,16;66,76;46,23;739,2;9870,93
1007,18;380,41;64,92;1051,19;394,54;63,93;46,24;654,11;8577,5
1012,26;379,25;62,68;1056,52;393,06;61,27;46,38;579,24;7346,5
1016,69;378,21;60,46;1061,12;391,68;58,69;46,45;513,96;6468,07
1020,59;377,26;58,36;1065,12;390,49;56,27;46,5;453,77;5977,36
1023,91;376,42;56,29;1068,56;389,36;54,05;46,54;405,73;5558,7
1026,91;375,61;54,12;1071,59;388,47;51,8;46,56;367,64;5355,39
1029,36;374,9;51,98;1074,14;387,64;49,57;46,62;325,67;5229,59
1031,49;374,22;49,7;1076,09;387,03;47,32;46,47;299,59;5074,31
1033;373,68;47,47;1077,31;386,35;44,65;46,17;278,09;4891,81
1033,98;373,2;45,35;1078,29;386,01;42,32;46,22;248,09;4284,4
1034,59;372,85;43,31;1078,9;385,79;39,99;46,28;229,74;3349,41
1034,86;372,63;41,52;1079,16;385,7;37,82;46,33;211,05;2657,84
1034,95;372,49;39,84;1079,19;385,72;35,78;46,36;190;2579,03
1035,04;372,41;38,3;1079,08;385,79;34,02;46,23;163,22;1683,72
1035;372,32;36,91;1079,07;385,83;32,52;46,3;148,78;1964,54
1035,06;372,27;35,47;1079,09;385,85;31,04;46,29;137,92;1756,15
1035,12;372,23;34,13;1079,09;385,9;29,76;46,25;118,3;1072,33
1035,3;372,24;33,11;1079,21;385,98;28,68;46,22;110,78;512,44
1035,34;372,27;31,89;1079,19;386,07;27,55;46,17;106,91;1044,99
1035,34;372,33;31,01;1079,03;386,19;26,56;46,05;105,83;1267,4
1035,1;372,36;29,93;1078,91;386,23;25,46;46,17;126,85;1589,38
1034,8;372,38;28,75;1078,52;386,24;24,08;46,1;148,57;1770,76
1034,35;372,35;27,76;1078,01;386,23;22,63;46,1;159,93;1294,38
1033,87;372,24;26,39;1077,46;386,21;21,06;46,09;166,72;1421,91
1033,32;372,07;24,93;1076,99;386,1;19,46;46,2;166,47;765,69
1032,74;371,85;23,53;1076,55;385,92;17,87;46,36;162,62;2248,69
1032,27;371,55;21,99;1076,17;385,71;16,33;46,47;149,32;2890,05
1031,95;371,26;20,57;1076,02;385,49;14,96;46,66;125,68;3276,1
1031,65;370,99;19,3;1075,89;385,51;13,84;46,88;71,72;3228,2
1031,49;370,81;18,16;1076,15;385,83;13,57;47,34;37,37;2838,46
1031,57;371,05;18,06;1076,3;385,99;13,44;47,39;15,89;2150,32
1031,64;371,26;18,02;1076,35;386,03;13,43;47,31;6,3;1267,36
1031,67;371,37;17,97;1076,42;386,02;13,39;47,3;5,45;641,73
1031,7;371,43;17,85;1076,45;386,05;13,39;47,28;4,08;886
1031,72;371,49;17,84;1076,47;386,08;13,38;47,29;3,29;113,11
1031,66;371,54;17,81;1076,5;386,09;13,38;47,35;2,28;871,09
1031,59;371,53;17,87;1076,51;386,11;13,38;47,44;3,22;857,11
1031,51;371,51;17,87;1076,55;386,12;13,4;47,56;3,12;1785,22
1031,39;371,45;17,9;1076,55;386,09;13,41;47,69;5,14;3972,44
1031,19;371,36;17,95;1076,6;386,05;13,45;47,93;13,22;5130,85
1030,93;371,21;17,99;1076,77;385,99;13,52;48,37;70,24;4849,01
1030,6;371,02;18,05;1077,7;386,4;14,26;49,69;197,46;3405,2
1030,2;370,75;18,16;1079,84;386,94;15,82;52,27;263,01;1909,63
1029,74;370,44;18,27;1081,85;387,37;17,34;54,8;228,48;1941,19
1029,29;370,13;18,54;1083,4;387,42;18,64;56,81;169,29;2889,02
1028,99;369,89;19,22;1084,21;387,15;19,76;57,85;121,91;4522,7
1028,91;369,62;20,25;1084,46;386,77;20,75;58,14;112,52;4433,99
1028,73;369,3;21,21;1084,49;386,44;21,88;58,34;129,91;2509,02
1028,47;368,94;22,52;1084,43;386,17;23,27;58,56;164,88;2447,2
1027,93;368,52;23,94;1084,65;386,13;25,16;59,4;188,87;3056,46
1027,14;368,02;25,57;1084,56;385,95;27,04;60,16;208;3766,59
1026,25;367,46;27,57;1084,49;385,7;29,29;61,05;246,56;4034,87
1025,18;366,91;30,06;1084,52;385,26;31,93;62,14;285,12;4602,73
1024,04;366,23;32,81;1084,32;384,69;34,9;63,08;335,55;5361,6
1022,81;365,48;36,43;1084,01;383,93;38,48;63,95;397,89;5983,26
1021,31;364,69;40,52;1083,31;382,93;42,59;64,66;448,89;6330,41
1019,43;363,65;45,05;1082,23;382,23;47,12;65,52;499,2;6532,04
1017,18;362,52;50,38;1080,59;380,99;52;66,06;554,99;6724,23
1014,45;361,03;56,04;1078,34;379,54;57,16;66,53;602,01;7093,44
1011,05;359,22;61,82;1075,53;377,54;62,37;67,03;642,47;7441,53
1007,19;356,96;67,64;1071,93;375,58;67,57;67,36;681,67;8135,65
1002,9;354,23;73,61;1067,73;373,26;72,7;67,57;726,95;8551,28
998;351;79,31;1062,7;370,63;77,65;67,63;773,44;9158,92
992,53;347,28;84,7;1056,9;367,71;82,25;67,57;818,8;9042,71
985,76;343,32;90,18;1050,33;364,38;86,38;68,03;871,31;9265,86
978,71;338,59;94,84;1042,89;360,91;90,06;68,11;927,11;8974,48
970,88;333,42;98,62;1034,63;357,23;93,17;68,27;981,96;8529,42
962,4;327,72;101,95;1025,78;353,35;96,07;68,62;1030,28;8134,21
953,22;321,58;104,65;1016,42;349,23;98,57;69,25;1081,72;7779,57
943,53;315;106,83;1006,39;344,82;100,45;69,87;1135,94;7484,71
933,48;308,03;108,48;995,95;340;101,99;70,47;1182,04;7165,92
923,18;300,72;109,67;985,09;334,85;102,86;71,03;1226,39;7064,71
912,75;293,13;110,41;973,88;329,38;103,29;71,42;1260,64;5896,02
902,34;285,32;110,73;962,53;323,6;103,1;71,74;1282,92;5094,81
891,88;277,32;110,62;951,1;317,59;102,52;72,08;1296,13;4592,89
881,43;269,14;109,99;939,67;311,48;101,48;72,51;1302,37;3949,95
870,83;260,78;108,88;928,27;305,28;100,09;73,2;1299,84;3924,25
860,29;252,28;107,29;917,07;298,98;98,5;74,04;1296,34;3742,83
849,88;243,68;105,44;905,93;292,68;96,36;74,99;1299,1;3957,84
839,65;235,08;103,24;894,86;286,28;94;75,86;1292,19;4182,26
829,57;226,56;101,02;884,09;279,84;91,26;76,85;1273,6;4563,87
820,04;218,14;98,43;873,63;273,45;88,2;77,69;1238,61;5231,28
811,02;209,9;95,56;863,73;267,2;84,96;78,57;1184,94;6096,84
802,45;201,88;92,42;854,44;261,17;81,68;79,58;1120,04;6783,43
794,36;194,23;89,24;845,86;255,38;78,43;80,67;1050,87;6904,84
787,01;187,21;85,88;837,87;249,91;75,32;81,42;985,31;6780,05
780,08;180,73;82,78;830,48;244,77;72,16;82,19;922,8;6470,37
773,6;174,87;80,01;823,7;239,84;69,12;82,76;867,53;6247,07
767,66;169,41;76,85;817,42;235,24;65,87;83,25;818,41;6485,53
762,13;164,21;73,8;811,67;230,89;62,55;83,83;762,37;6885,93
756,91;159,24;70,55;806,42;226,93;59,36;84,6;698,7;6968,45
752,16;154,52;66,97;801,83;223,28;56,19;85,51;631,04;6896,94
747,82;150,2;63,6;797,87;219,97;53,22;86,49;556,86;6484,71
743,92;146,3;60,25;794,67;216,99;50,42;87,57;491,95;5739,94
740,44;142,9;57,15;791,92;214,3;47,81;88,52;453,57;4445,81
737,38;139,97;54,21;789,48;211,78;45,12;89,18;425,29;3427,76
734,52;137,43;51,59;787,32;209,39;42,61;89,7;401,86;2918,23
731,96;135,21;48,97;785,34;207,2;39,97;90,07;382,56;2727,44
729,9;133,19;46,04;783,54;205,17;37,46;90,17;368,5;3336,68
728,03;131,3;42,93;781,89;203,32;34,74;90,3;349,35;3694,39
726,35;129,64;39,58;780,65;201,67;32,15;90,5;309,12;3513,4
724,95;128,07;35,95;779,75;200,29;29,79;90,87;277,33;3092,99
723,8;126,57;32,18;779,17;199,09;27,47;91,36;257,91;2348,03
722,82;125,28;28,49;778,97;197,91;25,28;91,86;249,93;1430,6
722,07;124,01;24,71;778,71;196,83;23,03;92,27;253,46;1720,8
721,45;122,85;21,23;778,34;195,79;20,72;92,5;262,84;974,64
720,88;121,93;18,28;777,94;194,73;18,28;92,5;272,1;2965,9
720,46;121,18;16,14;777,46;193,79;15,74;92,31;281,25;4275,94
720,45;121,68;16,21;776,96;192,8;13,09;90,89;227,81;5266,42
720,52;121,98;16,23;776,66;191,96;11,64;89,84;83,83;5487,24
720,58;122,19;16,38;776,6;191,74;11,84;89,42;29,67;5053,9
720,8;122,45;16,49;776,69;191,44;11,92;88,91;26,55;3789,51
720,95;122,62;16,58;776,68;191,22;11,92;88,51;16,29;2087,31
720,99;122,77;16,61;776,68;191,11;11,9;88,29;6,83;1264,74
721,02;123;16,57;776,69;191,11;11,84;88,1;6,16;1607,29
721,02;123,3;16,49;776,7;191,16;11,79;87,91;9,47;811,59
720,99;123,6;16,43;776,69;191,26;11,72;87,77;14,03;494,83
720,87;123,95;16,34;776,66;191,42;11,69;87,67;18,27;384,38
720,75;124,31;16,27;776,65;191,61;11,62;87,61;20,38;166,05
720,62;124,64;16,14;776,63;191,81;11,57;87,58;22,86;116,2
720,44;124,96;16,07;776,6;192,04;11,49;87,61;22,4;168,35
720,33;125,22;16,02;776,58;192,24;11,46;87,62;21,34;256,94
720,26;125,43;15,99;776,46;192,42;11,36;87,57;17,68;382,7
720,2;125,58;15,98;776,45;192,54;11,32;87,57;11,94;396,6
720,15;125,64;15,96;776,41;192,65;11,28;87,62;7,85;419,14
720,14;125,66;15,95;776,41;192,68;11,26;87,63;5,06;285,14
720,13;125,67;15,95;776,37;192,73;11,24;87,64;2,76;209,31
720,11;125,65;15,93;776,39;192,71;11,22;87,68;1,41;90,97
720,13;125,64;15,94;776,38;192,73;11,22;87,68;1,48;65,3
720,11;125,63;15,93;776,37;192,73;11,21;87,69;2,14;68,11
720,09;125,66;15,95;776,37;192,76;11,18;87,71;3,08;88,2
720,03;125,71;15,9;776,37;192,79;11,18;87,72;1,97;117,23
720,01;125,75;15,87;776,39;192,78;11,17;87,72;2,9;62,88
720;125,8;15,85;776,39;192,84;11,17;87,72;3,63;69,09
719,98;125,85;15,85;776,41;192,85;11,15;87,73;3,15;45,25
719,96;125,87;15,82;776,42;192,88;11,13;87,75;2,38;43,62
719,97;125,91;15,82;776,41;192,9;11,14;87,72;1,03;14,49
719,96;125,95;15,82;776,44;192,89;11,12;87,7;2,61;78,38
719,94;125,98;15,8;776,46;192,89;11,12;87,72;2,04;53,43
719,91;126,01;15,8;776,45;192,92;11,1;87,73;1,74;23,63
719,91;126,06;15,78;776,48;192,92;11,12;87,71;2,67;33,91
719,91;126,1;15,77;776,5;192,95;11,1;87,71;1,34;90,49
719,91;126,12;15,77;776,49;192,95;11,11;87,69;1,09;39,06
719,9;126,18;15,76;776,51;192,96;11,11;87,67;1,66;39,08
719,87;126,2;15,76;776,52;192,96;11,09;87,68;1,25;51,89
719,88;126,22;15,76;776,52;192,98;11,1;87,68;1,23;71,24
719,85;126,28;15,73;776,51;192,99;11,09;87,65;2,09;10,51
719,87;126,29;15,73;776,56;193;11,08;87,67;2,11;24,48
719,86;126,32;15,71;776,55;193;11,08;87,64;1,21;35,66
719,85;126,37;15,73;776,57;193,02;11,08;87,64;2,34;24,02
719,85;126,39;15,72;776,6;193,02;11,08;87,65;0,95;25,25
719,89;126,41;15,75;776,58;193,03;11,07;87,6;2,01;62,83
719,88;126,45;15,72;776,6;193,05;11,05;87,61;1,57;25,61
719,89;126,47;15,74;776,6;193,06;11,07;87,59;1,13;52,31
719,87;126,5;15,74;776,62;193,07;11,05;87,6;2,25;5,05
719,87;126,53;15,74;776,63;193,07;11,04;87,59;2,1;26,6
719,87;126,55;15,73;776,63;193,11;11,06;87,59;1,74;51,94
719,86;126,57;15,72;776,62;193,1;11,04;87,58;1,63;21,49
719,86;126,58;15,72;776,62;193,12;11,04;87,58;1,57;84,37
719,86;126,61;15,73;776,62;193,13;11,03;87,58;2;38,27
719,87;126,61;15,73;776,61;193,16;11,03;87,58;2,01;64,14
719,86;126,6;15,71;776,62;193,17;11,05;87,61;0,98;38,36
719,85;126,6;15,74;776,61;193,17;11,04;87,61;1,98;50,2
719,86;126,58;15,74;776,59;193,16;11,03;87,6;0,38;32,16
719,86;126,59;15,74;776,61;193,16;11,04;87,6;0,54;21,41
719,85;126,57;15,75;776,6;193,16;11,03;87,61;0,76;68,84
719,86;126,58;15,75;776,6;193,16;11,03;87,61;1,12;86,27
719,85;126,57;15,73;776,58;193,18;11,03;87,62;1,71;37,86
719,84;126,54;15,74;776,57;193,19;11,02;87,65;1,35;41,5
719,87;126,54;15,72;776,56;193,19;11,04;87,63;0,76;48,41
719,84;126,55;15,74;776,56;193,2;11,02;87,64;0,32;42,69
719,87;126,54;15,7;776,56;193,19;11,04;87,63;1,45;49,43
719,87;126,55;15,74;776,57;193,21;11;87,65;2,16;11,72
719,83;126,54;15,71;776,57;193,22;11,01;87,68;1,97;24,52
719,84;126,54;15,71;776,55;193,24;11,02;87,68;1,57;80,33
719,82;126,53;15,71;776,55;193,24;11,03;87,69;2,1;53,07
719,82;126,52;15,7;776,52;193,23;11;87,67;1;42,71
719,83;126,53;15,7;776,54;193,24;11,02;87,68;1,26;70,22
719,83;126,53;15,7;776,52;193,24;11,03;87,67;2,36;44,36
719,81;126,52;15,69;776,5;193,27;11,02;87,69;1,99;15,88
719,81;126,55;15,71;776,5;193,25;11;87,66;0,78;72,44
719,79;126,54;15,67;776,5;193,28;11,01;87,7;1,38;71,84
719,77;126,53;15,67;776,5;193,28;11,01;87,72;0,51;103,25
719,78;126,54;15,67;776,5;193,28;11,02;87,71;0,69;34,95
719,8;126,54;15,68;776,49;193,27;11,02;87,68;0,91;23,63
719,77;126,57;15,7;776,51;193,29;11,02;87,71;1,64;106,07
719,79;126,56;15,7;776,5;193,3;11;87,7;1,14;62,06
719,77;126,58;15,69;776,53;193,28;11,01;87,7;0,72;32,18
719,79;126,58;15,66;776,51;193,3;11,01;87,69;0,44;61,27
719,78;126,59;15,67;776,52;193,29;11;87,7;2,05;27,98
719,79;126,59;15,65;776,53;193,29;10,98;87,7;1,29;20,98
719,81;126,58;15,65;776,51;193,29;11,02;87,67;0,74;31,9
719,78;126,6;15,68;776,53;193,3;10,99;87,7;1,66;62,23
719,79;126,6;15,66;776,5;193,32;11;87,69;0,82;37,72
719,77;126,61;15,68;776,54;193,31;10,98;87,71;1,21;19,1
719,77;126,61;15,65;776,52;193,3;11;87,69;1,11;40,33
719,76;126,64;15,68;776,53;193,3;11;87,68;0,75;125,32
719,75;126,63;15,69;776,53;193,3;10,99;87,7;1,06;102,64
719,76;126,64;15,67;776,53;193,31;10,98;87,68;0,83;65,82
719,76;126,64;15,67;776,52;193,31;11;87,68;1,16;69,73
719,77;126,64;15,68;776,53;193,3;11;87,68;0,97;31,58
719,79;126,62;15,65;776,54;193,3;11,01;87,68;2,13;31,5
719,76;126,65;15,68;776,55;193,29;10,96;87,68;0,97;10,8
719,77;126,64;15,69;776,53;193,31;10,99;87,68;1,48;25,25
719,79;126,63;15,63;776,52;193,31;10,97;87,68;0,44;34,93
719,77;126,65;15,65;776,53;193,31;10,99;87,68;1,01;88,49
719,76;126,65;15,69;776,53;193,32;10,98;87,69;0,27;33,93
719,77;126,67;15,67;776,54;193,31;10,99;87,67;1,08;50,26
719,77;126,66;15,69;776,55;193,31;10,98;87,68;1,04;13,86
719,76;126,67;15,69;776,54;193,31;10,97;87,67;1,77;85,69
719,78;126,64;15,68;776,54;193,32;11,02;87,69;1,12;41,23
719,76;126,66;15,69;776,55;193,32;10,99;87,69;1,31;88,56
719,76;126,65;15,68;776,54;193,31;11;87,69;1,02;45,03
719,75;126,65;15,67;776,54;193,32;10,97;87,7;1,31;67,98
719,75;126,66;15,67;776,52;193,31;10,98;87,67;1,36;47,69
719,76;126,63;15,65;776,52;193,32;10,99;87,7;1,59;92,4
719,75;126,64;15,64;776,49;193,32;10,98;87,68;0,66;45,59
719,76;126,65;15,67;776,51;193,31;10,99;87,67;1,05;41,6
719,73;126,66;15,67;776,5;193,33;10,96;87,68;1,03;101,92
719,76;126,66;15,66;776,53;193,32;11;87,68;1,69;21,38
719,76;126,64;15,64;776,51;193,33;10,99;87,69;0,81;30,74
719,74;126,66;15,68;776,51;193,32;11;87,68;2,49;57,26
719,74;126,66;15,66;776,52;193,31;10,95;87,68;2,47;84,54
719,73;126,67;15,67;776,53;193,32;10,95;87,69;1,83;80,07
719,74;126,67;15,65;776,52;193,33;10,98;87,69;0,81;37,42
719,73;126,68;15,65;776,52;193,33;10,96;87,68;0,96;37,47
719,75;126,67;15,67;776,53;193,31;10,98;87,68;1,78;77,63
719,74;126,69;15,67;776,54;193,32;10,98;87,68;1,62;86,64
719,73;126,67;15,66;776,51;193,34;10,97;87,7;2,15;49,37
719,74;126,69;15,66;776,51;193,33;10,97;87,67;1,66;31,48
719,74;126,67;15,68;776,53;193,32;10,98;87,69;2,07;48,83
719,74;126,68;15,67;776,54;193,31;10,98;87,68;1,37;40,75
719,74;126,66;15,66;776,51;193,32;10,97;87,69;1,73;50,85
719,74;126,64;15,62;776,53;193,34;10,98;87,72;0,87;50,5
719,73;126,67;15,64;776,52;193,33;10,96;87,69;1,95;51,35
719,73;126,68;15,64;776,5;193,31;10,98;87,66;1,2;87,89
719,72;126,7;15,66;776,51;193,32;10,98;87,67;1,1;27,35
719,73;126,68;15,66;776,51;193,33;10,99;87,68;0,76;17,91
719,73;126,69;15,66;776,53;193,32;10,98;87,68;0,94;36,03
719,74;126,66;15,67;776,52;193,32;10,99;87,68;1,26;42,58
719,72;126,69;15,67;776,53;193,31;10,96;87,69;0,9;39,19
719,75;126,67;15,66;776,51;193,32;10,97;87,67;1,02;29,26
719,75;126,68;15,67;776,53;193,32;10,98;87,67;0,61;41,96
719,74;126,67;15,67;776,51;193,33;10,98;87,67;1,59;50,38
719,73;126,67;15,66;776,52;193,34;10,99;87,7;1,12;58,17
719,75;126,67;15,68;776,53;193,32;10,98;87,68;1,09;47,87
719,75;126,66;15,62;776,52;193,32;10,98;87,69;0,92;69,1
719,74;126,68;15,67;776,52;193,3;10,98;87,66;0,66;27,81
719,76;126,67;15,67;776,52;193,33;10,97;87,68;1,91;24,28
719,75;126,66;15,63;776,49;193,33;10,99;87,67;1,18;55,54
719,73;126,69;15,67;776,5;193,33;10,99;87,66;1,19;32,22
719,73;126,67;15,67;776,49;193,34;10,96;87,68;0,75;63,89
719,74;126,67;15,65;776,5;193,34;10,98;87,69;1,15;47,18
719,71;126,68;15,63;776,5;193,33;10,98;87,69;0,74;57,79
719,73;126,66;15,64;776,49;193,34;10,98;87,68;0,64;46,4
719,73;126,68;15,67;776,49;193,33;10,97;87,67;2,1;30,4
719,72;126,7;15,67;776,52;193,33;10,96;87,68;0,94;104,6
719,73;126,68;15,64;776,51;193,33;10,96;87,69;1,2;60,89
719,72;126,69;15,63;776,5;193,32;10,95;87,67;0,67;35,59
719,71;126,71;15,65;776,51;193,33;10,98;87,68;0,97;43,58
719,73;126,68;15,66;776,5;193,34;10,96;87,68;2,09;42,75
719,71;126,72;15,67;776,49;193,36;10,95;87,68;1,11;20,75
719,75;126,7;15,66;776,49;193,33;10,98;87,64;2,14;46,12
719,72;126,7;15,68;776,53;193,33;10,96;87,69;1,09;31,05
719,71;126,69;15,68;776,51;193,33;10,98;87,68;1,01;49,91
719,74;126,72;15,67;776,52;193,34;10,98;87,66;1,34;12,44
719,74;126,69;15,66;776,49;193,34;10,96;87,66;1,72;12,44
719,73;126,71;15,66;776,53;193,32;10,95;87,67;1,72;12,44
719,74;126,7;15,66;776,52;193,33;10,98;87,67;1,65;12,44
719,72;126,69;15,65;776,5;193,32;10,94;87,67;;
